,PrixAct,CapaInst,Duree,NAct
Cement,10.0,1083.3934150444604,3.0,260.0
Paper and pulp,10.0,2062.3167507810626,3.0,260.0
Indus cooling,16.0,3166.095890410959,1.0,364.0
Cross-tech ventilation,16.0,692.6369863013698,1.0,364.0
Tertiary cooling,11.0,39753.659147260274,1.0,364.0
Tertiary heating,11.0,47042.54129596716,4.0,364.0
Residential cooling,11.0,30459.80885356618,1.0,364.0
Residential heating,11.0,7051.53666956895,1.0,364.0
