,PrixAct,CapaInst,Duree,NAct
Steel,411.0,2221.821677481375,4.0,50.0
Aluminium,164.0,447.22928445844246,4.0,50.0
Chlorine,96.0,1365.8407012484347,4.0,50.0
